{
  "DELETE" : {
    "transaction" : "DELETE",
    "sampleCount" : 100,
    "errorCount" : 3,
    "errorPct" : 3.0,
    "meanResTime" : 366.7000000000001,
    "medianResTime" : 343.0,
    "minResTime" : 320.0,
    "maxResTime" : 1044.0,
    "pct1ResTime" : 398.9,
    "pct2ResTime" : 438.79999999999995,
    "pct3ResTime" : 1042.7299999999993,
    "throughput" : 0.093481882276396,
    "receivedKBytesPerSec" : 0.20760098555611434,
    "sentKBytesPerSec" : 0.019304373853678416
  },
  "POST" : {
    "transaction" : "POST",
    "sampleCount" : 100,
    "errorCount" : 3,
    "errorPct" : 3.0,
    "meanResTime" : 361.8799999999998,
    "medianResTime" : 341.5,
    "minResTime" : 319.0,
    "maxResTime" : 919.0,
    "pct1ResTime" : 419.4000000000001,
    "pct2ResTime" : 449.4999999999999,
    "pct3ResTime" : 916.0299999999985,
    "throughput" : 0.0934825813906095,
    "receivedKBytesPerSec" : 0.07049536069319204,
    "sentKBytesPerSec" : 0.026547592449598863
  },
  "Total" : {
    "transaction" : "Total",
    "sampleCount" : 400,
    "errorCount" : 18,
    "errorPct" : 4.5,
    "meanResTime" : 426.17499999999995,
    "medianResTime" : 351.0,
    "minResTime" : 319.0,
    "maxResTime" : 1873.0,
    "pct1ResTime" : 575.9000000000001,
    "pct2ResTime" : 678.8499999999999,
    "pct3ResTime" : 1257.5500000000004,
    "throughput" : 0.37343181975192924,
    "receivedKBytesPerSec" : 0.5935067879402062,
    "sentKBytesPerSec" : 0.07952201427256415
  },
  "GET " : {
    "transaction" : "GET ",
    "sampleCount" : 100,
    "errorCount" : 5,
    "errorPct" : 5.0,
    "meanResTime" : 621.9100000000003,
    "medianResTime" : 530.5,
    "minResTime" : 492.0,
    "maxResTime" : 1873.0,
    "pct1ResTime" : 771.4000000000001,
    "pct2ResTime" : 1209.9499999999994,
    "pct3ResTime" : 1871.8599999999994,
    "throughput" : 0.09345017096708778,
    "receivedKBytesPerSec" : 0.20242000606958863,
    "sentKBytesPerSec" : 0.011449471142119956
  },
  "PUT" : {
    "transaction" : "PUT",
    "sampleCount" : 100,
    "errorCount" : 7,
    "errorPct" : 7.0,
    "meanResTime" : 354.21000000000004,
    "medianResTime" : 340.5,
    "minResTime" : 322.0,
    "maxResTime" : 617.0,
    "pct1ResTime" : 385.6,
    "pct2ResTime" : 446.4999999999999,
    "pct3ResTime" : 617.0,
    "throughput" : 0.09348380486564507,
    "receivedKBytesPerSec" : 0.11371245865678731,
    "sentKBytesPerSec" : 0.022322910122800327
  }
}